<?xml version="1.0" encoding="UTF-8"?>
<vivadoHLSLog:LogRoot xmlns:vivadoHLSLog="www.xilinx.com/vivadoHLSLog">
  <errorLogs>
    <logs>
      <synLog/>
      <simLog/>
      <mgLog/>
      <packageLog/>
      <csimLog/>
    </logs>
  </errorLogs>
  <warningLogs>
    <logs>
      <synLog>
        <logs message="WARNING: [RTGEN 206-101] Register 'FIR_ALL_NEW_stream_stream_axis_ap_uint_32_0ul_0ul_0ul_0_shift_reg_8' is power-on initialization." projectName="Ex3" solutionName="solution1" date="2026-02-08T22:18:10.192+0530" type="Warning"/>
        <logs message="WARNING: [RTGEN 206-101] Register 'FIR_ALL_NEW_stream_stream_axis_ap_uint_32_0ul_0ul_0ul_0_shift_reg_7' is power-on initialization." projectName="Ex3" solutionName="solution1" date="2026-02-08T22:18:10.166+0530" type="Warning"/>
        <logs message="WARNING: [RTGEN 206-101] Register 'FIR_ALL_NEW_stream_stream_axis_ap_uint_32_0ul_0ul_0ul_0_shift_reg_6' is power-on initialization." projectName="Ex3" solutionName="solution1" date="2026-02-08T22:18:10.139+0530" type="Warning"/>
        <logs message="WARNING: [RTGEN 206-101] Register 'FIR_ALL_NEW_stream_stream_axis_ap_uint_32_0ul_0ul_0ul_0_shift_reg_5' is power-on initialization." projectName="Ex3" solutionName="solution1" date="2026-02-08T22:18:10.110+0530" type="Warning"/>
        <logs message="WARNING: [RTGEN 206-101] Register 'FIR_ALL_NEW_stream_stream_axis_ap_uint_32_0ul_0ul_0ul_0_shift_reg_4' is power-on initialization." projectName="Ex3" solutionName="solution1" date="2026-02-08T22:18:10.086+0530" type="Warning"/>
        <logs message="WARNING: [RTGEN 206-101] Register 'FIR_ALL_NEW_stream_stream_axis_ap_uint_32_0ul_0ul_0ul_0_shift_reg_3' is power-on initialization." projectName="Ex3" solutionName="solution1" date="2026-02-08T22:18:10.057+0530" type="Warning"/>
        <logs message="WARNING: [RTGEN 206-101] Register 'FIR_ALL_NEW_stream_stream_axis_ap_uint_32_0ul_0ul_0ul_0_shift_reg_2' is power-on initialization." projectName="Ex3" solutionName="solution1" date="2026-02-08T22:18:10.029+0530" type="Warning"/>
        <logs message="WARNING: [RTGEN 206-101] Register 'FIR_ALL_NEW_stream_stream_axis_ap_uint_32_0ul_0ul_0ul_0_shift_reg_1' is power-on initialization." projectName="Ex3" solutionName="solution1" date="2026-02-08T22:18:09.981+0530" type="Warning"/>
        <logs message="WARNING: [RTGEN 206-101] Register 'FIR_ALL_NEW_stream_stream_axis_ap_uint_32_0ul_0ul_0ul_0_shift_reg' is power-on initialization." projectName="Ex3" solutionName="solution1" date="2026-02-08T22:18:09.956+0530" type="Warning"/>
        <logs message="WARNING: [RTGEN 206-101] Design contains AXI ports. Reset is fixed to synchronous and active low." projectName="Ex3" solutionName="solution1" date="2026-02-08T22:18:09.757+0530" type="Warning"/>
      </synLog>
      <simLog/>
      <mgLog/>
      <packageLog/>
      <csimLog/>
    </logs>
  </warningLogs>
</vivadoHLSLog:LogRoot>
