<?xml version="1.0" encoding="UTF-8"?>
<GenRun Id="synth_1" LaunchPart="xc7z020clg484-1" LaunchTime="1769879977" LaunchIncrCheckpoint="$PSRCDIR/utils_1/imports/synth_1/simple_io_wrapper.dcp">
  <File Type="PA-TCL" Name="simple_io_wrapper.tcl"/>
  <File Type="RDS-PROPCONSTRS" Name="simple_io_wrapper_drc_synth.rpt"/>
  <File Type="REPORTS-TCL" Name="simple_io_wrapper_reports.tcl"/>
  <File Type="RDS-RDS" Name="simple_io_wrapper.vds"/>
  <File Type="RDS-UTIL" Name="simple_io_wrapper_utilization_synth.rpt"/>
  <File Type="RDS-UTIL-PB" Name="simple_io_wrapper_utilization_synth.pb"/>
  <File Type="RDS-DCP" Name="simple_io_wrapper.dcp"/>
  <File Type="VDS-TIMINGSUMMARY" Name="simple_io_wrapper_timing_summary_synth.rpt"/>
  <File Type="VDS-TIMING-PB" Name="simple_io_wrapper_timing_summary_synth.pb"/>
  <FileSet Name="sources" Type="DesignSrcs" RelSrcDir="$PSRCDIR/sources_1" RelGenDir="$PGENDIR/sources_1">
    <Filter Type="Srcs"/>
    <File Path="$PSRCDIR/sources_1/bd/simple_io/simple_io.bd">
      <FileInfo>
        <Attr Name="UsedIn" Val="synthesis"/>
        <Attr Name="UsedIn" Val="implementation"/>
        <Attr Name="UsedIn" Val="simulation"/>
      </FileInfo>
    </File>
    <File Path="$PGENDIR/sources_1/bd/simple_io/hdl/simple_io_wrapper.v">
      <FileInfo>
        <Attr Name="UsedIn" Val="synthesis"/>
        <Attr Name="UsedIn" Val="implementation"/>
        <Attr Name="UsedIn" Val="simulation"/>
      </FileInfo>
    </File>
    <Config>
      <Option Name="DesignMode" Val="RTL"/>
      <Option Name="TopModule" Val="simple_io_wrapper"/>
      <Option Name="TopAutoSet" Val="TRUE"/>
    </Config>
  </FileSet>
  <FileSet Name="constrs_in" Type="Constrs" RelSrcDir="$PSRCDIR/constrs_1" RelGenDir="$PGENDIR/constrs_1">
    <Filter Type="Constrs"/>
    <File Path="$PSRCDIR/constrs_1/imports/Downloads/zedboard_master.xdc">
      <FileInfo>
        <Attr Name="ImportPath" Val="E:/Downloads/LED_IO/LED_IO/LED_IO.srcs/constrs_1/imports/Downloads/zedboard_master.xdc"/>
        <Attr Name="ImportTime" Val="1769875623"/>
        <Attr Name="UsedIn" Val="synthesis"/>
        <Attr Name="UsedIn" Val="implementation"/>
      </FileInfo>
    </File>
    <Config>
      <Option Name="ConstrsType" Val="XDC"/>
    </Config>
  </FileSet>
  <FileSet Name="utils" Type="Utils" RelSrcDir="$PSRCDIR/utils_1" RelGenDir="$PGENDIR/utils_1">
    <Filter Type="Utils"/>
    <File Path="$PSRCDIR/utils_1/imports/synth_1/simple_io_wrapper.dcp">
      <FileInfo>
        <Attr Name="UsedIn" Val="synthesis"/>
        <Attr Name="UsedIn" Val="implementation"/>
        <Attr Name="UsedInSteps" Val="synth_1"/>
        <Attr Name="AutoDcp" Val="1"/>
      </FileInfo>
    </File>
    <Config>
      <Option Name="TopAutoSet" Val="TRUE"/>
    </Config>
  </FileSet>
  <Strategy Version="1" Minor="2">
    <StratHandle Name="Vivado Synthesis Defaults" Flow="Vivado Synthesis 2023">
      <Desc>Vivado Synthesis Defaults</Desc>
    </StratHandle>
    <Step Id="synth_design"/>
  </Strategy>
  <BlockFileSet Type="BlockSrcs" Name="simple_io_processing_system7_0_0"/>
  <BlockFileSet Type="BlockSrcs" Name="simple_io_led_switch_0_1"/>
  <BlockFileSet Type="BlockSrcs" Name="simple_io_rst_ps7_0_100M_0"/>
  <BlockFileSet Type="BlockSrcs" Name="simple_io_auto_pc_0"/>
</GenRun>
