{
    "0": {
        "name": "FIR_ALL",
        "file": "FIR_ALL.cpp",
        "fileloc": "10",
        "instructions": "13",
        "total_instructions": "42",
        "calls": "1",
        "basicblocks": "1",
        "loads": {
            "L": "1"
        }
    },
    "1": {
        "name": "FIR_ALL_Pipeline_SAL",
        "file": "E:\/FIR\/FIR_ALL.cpp",
        "fileloc": "12",
        "instructions": "29",
        "total_instructions": "29",
        "calls": "",
        "basicblocks": "4",
        "loads": {
            "G": "2",
            "L": "3"
        },
        "stores": {
            "G": "1",
            "L": "4"
        },
        "loops": {
            "L": "1"
        }
    }
}
