<?xml version="1.0" encoding="utf-8"?>
<BindInfo>
	<BindNode BINDTYPE="op" DISPLAY="bind_op icmp" ID="" IMPL="auto" LATENCY="0" OPTYPE="icmp" PRAGMA="" RTLNAME="icmp_ln8_fu_105_p2" SOURCE="E:/FIR/FIR2.cpp:8" VARIABLE="icmp_ln8" MODULE="FIR_ALL_Pipeline_SAL" LOOP="SAL" BUNDLEDNAME="" DSP="0" BRAM="0" URAM="0" USAGE="" STORAGESUBTYPE="" STORAGESIZE=""/>
	<BindNode BINDTYPE="op" DISPLAY="bind_op add" ID="" IMPL="fabric" LATENCY="0" OPTYPE="add" PRAGMA="" RTLNAME="add_ln8_fu_116_p2" SOURCE="E:/FIR/FIR2.cpp:8" VARIABLE="add_ln8" MODULE="FIR_ALL_Pipeline_SAL" LOOP="SAL" BUNDLEDNAME="" DSP="0" BRAM="0" URAM="0" USAGE="" STORAGESUBTYPE="" STORAGESIZE=""/>
	<BindNode BINDTYPE="op" DISPLAY="bind_op mul" ID="" IMPL="auto" LATENCY="1" OPTYPE="mul" PRAGMA="" RTLNAME="mul_11s_32s_32_2_1_U1" SOURCE="E:/FIR/FIR2.cpp:10" VARIABLE="mul_ln10" MODULE="FIR_ALL_Pipeline_SAL" LOOP="SAL" BUNDLEDNAME="" DSP="2" BRAM="0" URAM="0" USAGE="" STORAGESUBTYPE="" STORAGESIZE=""/>
	<BindNode BINDTYPE="op" DISPLAY="bind_op add" ID="" IMPL="fabric" LATENCY="0" OPTYPE="add" PRAGMA="" RTLNAME="acc_1_fu_135_p2" SOURCE="E:/FIR/FIR2.cpp:10" VARIABLE="acc_1" MODULE="FIR_ALL_Pipeline_SAL" LOOP="SAL" BUNDLEDNAME="" DSP="0" BRAM="0" URAM="0" USAGE="" STORAGESUBTYPE="" STORAGESIZE=""/>
	<BindNode BINDTYPE="storage" DISPLAY="bind_storage ram_s2p" ID="" IMPL="auto" LATENCY="1" OPTYPE="ram_s2p" PRAGMA="" RTLNAME="shift_reg_U" SOURCE="" VARIABLE="shift_reg" MODULE="FIR_ALL_Pipeline_SAL" LOOP="" BUNDLEDNAME="" DSP="0" BRAM="0" URAM="0" USAGE="" STORAGESUBTYPE="" STORAGESIZE="32 11 1"/>
	<BindNode BINDTYPE="storage" DISPLAY="bind_storage rom_1p" ID="" IMPL="auto" LATENCY="1" OPTYPE="rom_1p" PRAGMA="" RTLNAME="FIR2_int_int_C_U" SOURCE="" VARIABLE="FIR2_int_int_C" MODULE="FIR_ALL_Pipeline_SAL" LOOP="" BUNDLEDNAME="" DSP="0" BRAM="0" URAM="0" USAGE="" STORAGESUBTYPE="" STORAGESIZE="32 11 1"/>
	<BindNode BINDTYPE="op" DISPLAY="bind_op mul" ID="" IMPL="auto" LATENCY="1" OPTYPE="mul" PRAGMA="" RTLNAME="mul_32s_7ns_32_2_1_U6" SOURCE="E:/FIR/FIR2.cpp:12" VARIABLE="mul_ln12" MODULE="FIR_ALL" LOOP="" BUNDLEDNAME="" DSP="2" BRAM="0" URAM="0" USAGE="" STORAGESUBTYPE="" STORAGESIZE=""/>
	<BindNode BINDTYPE="op" DISPLAY="bind_op add" ID="" IMPL="fabric" LATENCY="0" OPTYPE="add" PRAGMA="" RTLNAME="y" SOURCE="E:/FIR/FIR2.cpp:12" VARIABLE="acc" MODULE="FIR_ALL" LOOP="" BUNDLEDNAME="" DSP="0" BRAM="0" URAM="0" USAGE="" STORAGESUBTYPE="" STORAGESIZE=""/>
</BindInfo>
