<xilinx:hls_fe_msgs>
    <msg msg_groups="PRAGMA_VERBOSE_DUMP" msg_id="207-5471" msg_severity="WARNING" msg_loc="E:/FIR/FIR5.cpp:8:9" msg_body="HLS pragma dump">
        <args ARG_PragmaFunction="FIR5" ARG_PragmaIsValid="1" ARG_PragmaOptions="variable=shift_reg complete" ARG_PragmaType="array_partition" ClangWarningOption="dump-hls-pragmas"/>
    </msg>
    <msg msg_groups="PRAGMA_VERBOSE_DUMP" msg_id="207-5471" msg_severity="WARNING" msg_loc="D:/SoC_lab/FIR_Filter/solution1/csynth.tcl:20:9" msg_body="HLS pragma dump">
        <args ARG_PragmaContext="directive" ARG_PragmaFunction="FIR_ALL" ARG_PragmaIsValid="1" ARG_PragmaOptions="name=FIR_ALL" ARG_PragmaType="top" ClangWarningOption="dump-hls-pragmas"/>
    </msg>
    <msg msg_groups="PRAGMA_INLINE" msg_id="214-178" msg_severity="INFO" msg_loc="E:/FIR/FIR_ALL.cpp:10:0" msg_body="Inlining function 'FIR2(int*, int)' into 'FIR_ALL(int*, int)'">
        <args Callee="FIR2(int*, int)" Callee-DebugLoc="File E:/FIR/FIR2.cpp Line 3 Column 0" Caller="FIR_ALL(int*, int)" Caller-DebugLoc="File E:/FIR/FIR_ALL.cpp Line 10 Column 0"/>
    </msg>
</xilinx:hls_fe_msgs>

