<dict>
  <key>main-file</key>
  <string>D:/SoC_lab/FIR_Filter/solution1/.autopilot/db/FIR5.pp.0.cpp</string>
  <key>diagnostics</key>
  <array>
    <dict>
      <key>level</key>
      <string>warning</string>
      <key>filename</key>
      <string>E:/FIR/FIR5.cpp</string>
      <key>line</key>
      <integer>8</integer>
      <key>column</key>
      <integer>9</integer>
      <key>message</key>
      <string>HLS pragma dump _XLX_SEP_ PragmaIsValid=1_XLX_SEP_ PragmaType=array_partition_XLX_SEP_ PragmaContext=_XLX_SEP_ PragmaFunction=FIR5_XLX_SEP_ PragmaOptions=variable=shift_reg complete_XLX_SEP_</string>
      <key>ID</key>
      <integer>5471</integer>
      <key>WarningOption</key>
      <string>dump-hls-pragmas</string>
    </dict>
  </array>
</dict>
