<profile>

<RTLDesignHierarchy>
<TopModule>
<ModuleName>FIR_ALL</ModuleName>
<InstancesList>
<Instance>
<InstName>grp_FIR_ALL_Pipeline_SAL_fu_51</InstName>
<ModuleName>FIR_ALL_Pipeline_SAL</ModuleName>
<IsCompInst>true</IsCompInst>
<ID>51</ID>
</Instance>
</InstancesList>
</TopModule>
</RTLDesignHierarchy>

<ModuleInformation>
<Module>
<Name>FIR_ALL_Pipeline_SAL</Name>
<Loops>
<SAL></SAL>
</Loops>
<PerformanceEstimates>
<SummaryOfTimingAnalysis>
<TargetClockPeriod>10.00</TargetClockPeriod>
<ClockUncertainty>2.70</ClockUncertainty>
<EstimatedClockPeriod>6.912</EstimatedClockPeriod>
</SummaryOfTimingAnalysis>
<SummaryOfOverallLatency>
<Best-caseLatency>15</Best-caseLatency>
<Average-caseLatency>15</Average-caseLatency>
<Worst-caseLatency>15</Worst-caseLatency>
<Best-caseRealTimeLatency>0.150 us</Best-caseRealTimeLatency>
<Average-caseRealTimeLatency>0.150 us</Average-caseRealTimeLatency>
<Worst-caseRealTimeLatency>0.150 us</Worst-caseRealTimeLatency>
<PipelineInitiationInterval>15</PipelineInitiationInterval>
<PipelineType>no</PipelineType>
</SummaryOfOverallLatency>
<SummaryOfLoopLatency>
<SAL>
<Name>SAL</Name>
<Slack>7.30</Slack>
<TripCount>10</TripCount>
<Latency>13</Latency>
<AbsoluteTimeLatency>0.130 us</AbsoluteTimeLatency>
<PipelineII>1</PipelineII>
<PipelineDepth>5</PipelineDepth>
<PipelineType>yes</PipelineType>
<InstanceList>
</InstanceList>
</SAL>
</SummaryOfLoopLatency>
<SummaryOfViolations>
<IssueType>-</IssueType>
<ViolationType>-</ViolationType>
<SourceLocation>E:/FIR/FIR2.cpp:6~E:/FIR/FIR2.cpp:6~E:/FIR/FIR2.cpp:6~E:/FIR/FIR_ALL.cpp:12</SourceLocation>
<SummaryOfLoopViolations>
<SAL>
<Name>SAL</Name>
<IssueType>-</IssueType>
<ViolationType>-</ViolationType>
<SourceLocation>E:/FIR/FIR2.cpp:8~E:/FIR/FIR2.cpp:6~E:/FIR/FIR2.cpp:6~E:/FIR/FIR_ALL.cpp:12</SourceLocation>
</SAL>
</SummaryOfLoopViolations>
</SummaryOfViolations>
</PerformanceEstimates>
<AreaEstimates>
<Resources>
<BRAM_18K>0</BRAM_18K>
<AVAIL_BRAM>280</AVAIL_BRAM>
<UTIL_BRAM>0</UTIL_BRAM>
<DSP>2</DSP>
<AVAIL_DSP>220</AVAIL_DSP>
<UTIL_DSP>~0</UTIL_DSP>
<FF>471</FF>
<AVAIL_FF>106400</AVAIL_FF>
<UTIL_FF>~0</UTIL_FF>
<LUT>206</LUT>
<AVAIL_LUT>53200</AVAIL_LUT>
<UTIL_LUT>~0</UTIL_LUT>
<URAM>0</URAM>
<AVAIL_URAM>0</AVAIL_URAM>
<UTIL_URAM>0</UTIL_URAM>
</Resources>
</AreaEstimates>
<InterfaceSummary>
<RtlPorts>
<name>ap_clk</name>
<Object>FIR_ALL_Pipeline_SAL</Object>
<Type>return value</Type>
<Scope></Scope>
<IOProtocol>ap_ctrl_hs</IOProtocol>
<IOConfig></IOConfig>
<Dir>in</Dir>
<Bits>1</Bits>
<Attribute>control</Attribute>
</RtlPorts>
<RtlPorts>
<name>ap_rst</name>
<Object>FIR_ALL_Pipeline_SAL</Object>
<Type>return value</Type>
<Scope></Scope>
<IOProtocol>ap_ctrl_hs</IOProtocol>
<IOConfig></IOConfig>
<Dir>in</Dir>
<Bits>1</Bits>
<Attribute>control</Attribute>
</RtlPorts>
<RtlPorts>
<name>ap_start</name>
<Object>FIR_ALL_Pipeline_SAL</Object>
<Type>return value</Type>
<Scope></Scope>
<IOProtocol>ap_ctrl_hs</IOProtocol>
<IOConfig></IOConfig>
<Dir>in</Dir>
<Bits>1</Bits>
<Attribute>control</Attribute>
</RtlPorts>
<RtlPorts>
<name>ap_done</name>
<Object>FIR_ALL_Pipeline_SAL</Object>
<Type>return value</Type>
<Scope></Scope>
<IOProtocol>ap_ctrl_hs</IOProtocol>
<IOConfig></IOConfig>
<Dir>out</Dir>
<Bits>1</Bits>
<Attribute>control</Attribute>
</RtlPorts>
<RtlPorts>
<name>ap_idle</name>
<Object>FIR_ALL_Pipeline_SAL</Object>
<Type>return value</Type>
<Scope></Scope>
<IOProtocol>ap_ctrl_hs</IOProtocol>
<IOConfig></IOConfig>
<Dir>out</Dir>
<Bits>1</Bits>
<Attribute>control</Attribute>
</RtlPorts>
<RtlPorts>
<name>ap_ready</name>
<Object>FIR_ALL_Pipeline_SAL</Object>
<Type>return value</Type>
<Scope></Scope>
<IOProtocol>ap_ctrl_hs</IOProtocol>
<IOConfig></IOConfig>
<Dir>out</Dir>
<Bits>1</Bits>
<Attribute>control</Attribute>
</RtlPorts>
<RtlPorts>
<name>acc_out</name>
<Object>acc_out</Object>
<Type>pointer</Type>
<Scope></Scope>
<IOProtocol>ap_vld</IOProtocol>
<IOConfig></IOConfig>
<Dir>out</Dir>
<Bits>32</Bits>
<Attribute>data</Attribute>
</RtlPorts>
<RtlPorts>
<name>acc_out_ap_vld</name>
<Object>acc_out</Object>
<Type>pointer</Type>
<Scope></Scope>
<IOProtocol>ap_vld</IOProtocol>
<IOConfig></IOConfig>
<Dir>out</Dir>
<Bits>1</Bits>
<Attribute>control</Attribute>
</RtlPorts>
</InterfaceSummary>
</Module>
<Module>
<Name>FIR_ALL</Name>
<PerformanceEstimates>
<SummaryOfTimingAnalysis>
<TargetClockPeriod>10.00</TargetClockPeriod>
<ClockUncertainty>2.70</ClockUncertainty>
<EstimatedClockPeriod>6.912</EstimatedClockPeriod>
</SummaryOfTimingAnalysis>
<SummaryOfOverallLatency>
<Best-caseLatency>17</Best-caseLatency>
<Average-caseLatency>17</Average-caseLatency>
<Worst-caseLatency>17</Worst-caseLatency>
<Best-caseRealTimeLatency>0.170 us</Best-caseRealTimeLatency>
<Average-caseRealTimeLatency>0.170 us</Average-caseRealTimeLatency>
<Worst-caseRealTimeLatency>0.170 us</Worst-caseRealTimeLatency>
<PipelineInitiationInterval>18</PipelineInitiationInterval>
<PipelineType>no</PipelineType>
</SummaryOfOverallLatency>
<SummaryOfViolations>
<IssueType>-</IssueType>
<ViolationType>-</ViolationType>
<SourceLocation>E:/FIR/FIR_ALL.cpp:10</SourceLocation>
</SummaryOfViolations>
</PerformanceEstimates>
<AreaEstimates>
<Resources>
<BRAM_18K>0</BRAM_18K>
<AVAIL_BRAM>280</AVAIL_BRAM>
<UTIL_BRAM>0</UTIL_BRAM>
<DSP>4</DSP>
<AVAIL_DSP>220</AVAIL_DSP>
<UTIL_DSP>1</UTIL_DSP>
<FF>672</FF>
<AVAIL_FF>106400</AVAIL_FF>
<UTIL_FF>~0</UTIL_FF>
<LUT>315</LUT>
<AVAIL_LUT>53200</AVAIL_LUT>
<UTIL_LUT>~0</UTIL_LUT>
<URAM>0</URAM>
<AVAIL_URAM>0</AVAIL_URAM>
<UTIL_URAM>0</UTIL_URAM>
</Resources>
</AreaEstimates>
<InterfaceSummary>
<RtlPorts>
<name>ap_clk</name>
<Object>FIR_ALL</Object>
<Type>return value</Type>
<Scope></Scope>
<IOProtocol>ap_ctrl_hs</IOProtocol>
<IOConfig></IOConfig>
<Dir>in</Dir>
<Bits>1</Bits>
<Attribute>control</Attribute>
</RtlPorts>
<RtlPorts>
<name>ap_rst</name>
<Object>FIR_ALL</Object>
<Type>return value</Type>
<Scope></Scope>
<IOProtocol>ap_ctrl_hs</IOProtocol>
<IOConfig></IOConfig>
<Dir>in</Dir>
<Bits>1</Bits>
<Attribute>control</Attribute>
</RtlPorts>
<RtlPorts>
<name>ap_start</name>
<Object>FIR_ALL</Object>
<Type>return value</Type>
<Scope></Scope>
<IOProtocol>ap_ctrl_hs</IOProtocol>
<IOConfig></IOConfig>
<Dir>in</Dir>
<Bits>1</Bits>
<Attribute>control</Attribute>
</RtlPorts>
<RtlPorts>
<name>ap_done</name>
<Object>FIR_ALL</Object>
<Type>return value</Type>
<Scope></Scope>
<IOProtocol>ap_ctrl_hs</IOProtocol>
<IOConfig></IOConfig>
<Dir>out</Dir>
<Bits>1</Bits>
<Attribute>control</Attribute>
</RtlPorts>
<RtlPorts>
<name>ap_idle</name>
<Object>FIR_ALL</Object>
<Type>return value</Type>
<Scope></Scope>
<IOProtocol>ap_ctrl_hs</IOProtocol>
<IOConfig></IOConfig>
<Dir>out</Dir>
<Bits>1</Bits>
<Attribute>control</Attribute>
</RtlPorts>
<RtlPorts>
<name>ap_ready</name>
<Object>FIR_ALL</Object>
<Type>return value</Type>
<Scope></Scope>
<IOProtocol>ap_ctrl_hs</IOProtocol>
<IOConfig></IOConfig>
<Dir>out</Dir>
<Bits>1</Bits>
<Attribute>control</Attribute>
</RtlPorts>
<RtlPorts>
<name>y</name>
<Object>y</Object>
<Type>pointer</Type>
<Scope></Scope>
<IOProtocol>ap_vld</IOProtocol>
<IOConfig></IOConfig>
<Dir>out</Dir>
<Bits>32</Bits>
<Attribute>data</Attribute>
<CType>int</CType>
</RtlPorts>
<RtlPorts>
<name>y_ap_vld</name>
<Object>y</Object>
<Type>pointer</Type>
<Scope></Scope>
<IOProtocol>ap_vld</IOProtocol>
<IOConfig></IOConfig>
<Dir>out</Dir>
<Bits>1</Bits>
<Attribute>control</Attribute>
<CType>int</CType>
</RtlPorts>
<RtlPorts>
<name>x</name>
<Object>x</Object>
<Type>scalar</Type>
<Scope></Scope>
<IOProtocol>ap_none</IOProtocol>
<IOConfig></IOConfig>
<Dir>in</Dir>
<Bits>32</Bits>
<Attribute>data</Attribute>
<CType>int</CType>
</RtlPorts>
</InterfaceSummary>
</Module>
</ModuleInformation>

<FIFOInformation>
</FIFOInformation>

</profile>
