<dict>
  <key>main-file</key>
  <string>D:/SoC_lab/FIR_Filter/solution1/.autopilot/db/FIR_ALL.pp.0.cpp</string>
  <key>diagnostics</key>
  <array>
    <dict>
      <key>level</key>
      <string>warning</string>
      <key>filename</key>
      <string>D:/SoC_lab/FIR_Filter/solution1/csynth.tcl</string>
      <key>line</key>
      <integer>20</integer>
      <key>column</key>
      <integer>9</integer>
      <key>message</key>
      <string>HLS pragma dump _XLX_SEP_ PragmaIsValid=1_XLX_SEP_ PragmaType=top_XLX_SEP_ PragmaContext=directive_XLX_SEP_ PragmaFunction=FIR_ALL_XLX_SEP_ PragmaOptions=name=FIR_ALL_XLX_SEP_</string>
      <key>ID</key>
      <integer>5471</integer>
      <key>WarningOption</key>
      <string>dump-hls-pragmas</string>
    </dict>
  </array>
</dict>
