<stg><name>FIR_ALL</name>


<trans_list>

<trans id="19" from="1" to="2">
<condition id="-1">
<or_exp><and_exp></and_exp></or_exp>
</condition>
</trans>

<trans id="20" from="2" to="3">
<condition id="-1">
<or_exp><and_exp></and_exp></or_exp>
</condition>
</trans>
</trans_list>



<state_list>

<state id="1" st_id="1">

<operation id="4" st_id="1" stage="1" lat="1">
<core>NULL</core>
<MemPortIdVec></MemPortIdVec>
<condition id="-1">
<or_exp><and_exp></and_exp></or_exp>
</condition>

<Node id="5" bw="32" op_0_bw="32" op_1_bw="32">
<![CDATA[
entry:0 %x_read = read i32 @_ssdm_op_Read.ap_auto.i32, i32 %x

]]></Node>
<StgValue><ssdm name="x_read"/></StgValue>
</operation>

<operation id="5" st_id="1" stage="1" lat="1">
<core>NULL</core>
<MemPortIdVec></MemPortIdVec>
<condition id="-1">
<or_exp><and_exp></and_exp></or_exp>
</condition>

<Node id="6" bw="32" op_0_bw="64">
<![CDATA[
entry:1 %acc_loc = alloca i64 1

]]></Node>
<StgValue><ssdm name="acc_loc"/></StgValue>
</operation>

<operation id="6" st_id="1" stage="2" lat="2">
<core></core>
<MemPortIdVec></MemPortIdVec>
<condition id="-1">
<or_exp><and_exp></and_exp></or_exp>
</condition>

<Node id="12" bw="0" op_0_bw="0" op_1_bw="32" op_2_bw="32" op_3_bw="32">
<![CDATA[
entry:7 %call_ln0 = call void @FIR_ALL_Pipeline_SAL, i32 %acc_loc, i32 %shift_reg, i32 %FIR2_int_int_C

]]></Node>
<StgValue><ssdm name="call_ln0"/></StgValue>
</operation>

<operation id="7" st_id="1" stage="2" lat="2">
<core>Multiplier</core>
<MemPortIdVec></MemPortIdVec>
<condition id="-1">
<or_exp><and_exp></and_exp></or_exp>
</condition>

<Node id="14" bw="32" op_0_bw="32" op_1_bw="32">
<![CDATA[
entry:9 %mul_ln12 = mul i32 %x_read, i32 53

]]></Node>
<StgValue><ssdm name="mul_ln12"/></StgValue>
</operation>
</state>

<state id="2" st_id="2">

<operation id="8" st_id="2" stage="1" lat="2">
<core></core>
<MemPortIdVec></MemPortIdVec>
<condition id="-1">
<or_exp><and_exp></and_exp></or_exp>
</condition>

<Node id="12" bw="0" op_0_bw="0" op_1_bw="32" op_2_bw="32" op_3_bw="32">
<![CDATA[
entry:7 %call_ln0 = call void @FIR_ALL_Pipeline_SAL, i32 %acc_loc, i32 %shift_reg, i32 %FIR2_int_int_C

]]></Node>
<StgValue><ssdm name="call_ln0"/></StgValue>
</operation>

<operation id="9" st_id="2" stage="1" lat="2">
<core>Multiplier</core>
<MemPortIdVec></MemPortIdVec>
<condition id="-1">
<or_exp><and_exp></and_exp></or_exp>
</condition>

<Node id="14" bw="32" op_0_bw="32" op_1_bw="32">
<![CDATA[
entry:9 %mul_ln12 = mul i32 %x_read, i32 53

]]></Node>
<StgValue><ssdm name="mul_ln12"/></StgValue>
</operation>
</state>

<state id="3" st_id="3">

<operation id="10" st_id="3" stage="1" lat="1">
<core>NULL</core>
<MemPortIdVec></MemPortIdVec>
<condition id="-1">
<or_exp><and_exp></and_exp></or_exp>
</condition>

<Node id="7" bw="0" op_0_bw="0" op_1_bw="0">
<![CDATA[
entry:2 %spectopmodule_ln10 = spectopmodule void @_ssdm_op_SpecTopModule, void @empty_1

]]></Node>
<StgValue><ssdm name="spectopmodule_ln10"/></StgValue>
</operation>

<operation id="11" st_id="3" stage="1" lat="1">
<core>NULL</core>
<MemPortIdVec></MemPortIdVec>
<condition id="-1">
<or_exp><and_exp></and_exp></or_exp>
</condition>

<Node id="8" bw="0" op_0_bw="0" op_1_bw="32">
<![CDATA[
entry:3 %specbitsmap_ln0 = specbitsmap void @_ssdm_op_SpecBitsMap, i32 %y

]]></Node>
<StgValue><ssdm name="specbitsmap_ln0"/></StgValue>
</operation>

<operation id="12" st_id="3" stage="1" lat="1">
<core>NULL</core>
<MemPortIdVec></MemPortIdVec>
<condition id="-1">
<or_exp><and_exp></and_exp></or_exp>
</condition>

<Node id="9" bw="0" op_0_bw="0" op_1_bw="32" op_2_bw="0" op_3_bw="32" op_4_bw="32" op_5_bw="0" op_6_bw="32" op_7_bw="32" op_8_bw="0" op_9_bw="0" op_10_bw="0" op_11_bw="32" op_12_bw="32" op_13_bw="32" op_14_bw="32" op_15_bw="0" op_16_bw="0" op_17_bw="32" op_18_bw="32">
<![CDATA[
entry:4 %specinterface_ln0 = specinterface void @_ssdm_op_SpecInterface, i32 %y, void @empty, i32 0, i32 0, void @empty_0, i32 0, i32 0, void @empty_0, void @empty_0, void @empty_0, i32 0, i32 0, i32 0, i32 0, void @empty_0, void @empty_0, i32 4294967295, i32 0

]]></Node>
<StgValue><ssdm name="specinterface_ln0"/></StgValue>
</operation>

<operation id="13" st_id="3" stage="1" lat="1">
<core>NULL</core>
<MemPortIdVec></MemPortIdVec>
<condition id="-1">
<or_exp><and_exp></and_exp></or_exp>
</condition>

<Node id="10" bw="0" op_0_bw="0" op_1_bw="32">
<![CDATA[
entry:5 %specbitsmap_ln0 = specbitsmap void @_ssdm_op_SpecBitsMap, i32 %x

]]></Node>
<StgValue><ssdm name="specbitsmap_ln0"/></StgValue>
</operation>

<operation id="14" st_id="3" stage="1" lat="1">
<core>NULL</core>
<MemPortIdVec></MemPortIdVec>
<condition id="-1">
<or_exp><and_exp></and_exp></or_exp>
</condition>

<Node id="11" bw="0" op_0_bw="0" op_1_bw="32" op_2_bw="0" op_3_bw="32" op_4_bw="32" op_5_bw="0" op_6_bw="32" op_7_bw="32" op_8_bw="0" op_9_bw="0" op_10_bw="0" op_11_bw="32" op_12_bw="32" op_13_bw="32" op_14_bw="32" op_15_bw="0" op_16_bw="0" op_17_bw="32" op_18_bw="32">
<![CDATA[
entry:6 %specinterface_ln0 = specinterface void @_ssdm_op_SpecInterface, i32 %x, void @empty, i32 0, i32 0, void @empty_0, i32 0, i32 0, void @empty_0, void @empty_0, void @empty_0, i32 0, i32 0, i32 0, i32 0, void @empty_0, void @empty_0, i32 4294967295, i32 0

]]></Node>
<StgValue><ssdm name="specinterface_ln0"/></StgValue>
</operation>

<operation id="15" st_id="3" stage="1" lat="1">
<core>NULL</core>
<MemPortIdVec></MemPortIdVec>
<condition id="-1">
<or_exp><and_exp></and_exp></or_exp>
</condition>

<Node id="13" bw="32" op_0_bw="32" op_1_bw="0">
<![CDATA[
entry:8 %acc_loc_load = load i32 %acc_loc

]]></Node>
<StgValue><ssdm name="acc_loc_load"/></StgValue>
</operation>

<operation id="16" st_id="3" stage="1" lat="1">
<core>Adder</core>
<MemPortIdVec></MemPortIdVec>
<condition id="-1">
<or_exp><and_exp></and_exp></or_exp>
</condition>

<Node id="15" bw="32" op_0_bw="32" op_1_bw="32">
<![CDATA[
entry:10 %acc = add i32 %acc_loc_load, i32 %mul_ln12

]]></Node>
<StgValue><ssdm name="acc"/></StgValue>
</operation>

<operation id="17" st_id="3" stage="1" lat="1">
<core>NULL</core>
<MemPortIdVec></MemPortIdVec>
<condition id="-1">
<or_exp><and_exp></and_exp></or_exp>
</condition>

<Node id="16" bw="0" op_0_bw="0" op_1_bw="32" op_2_bw="32">
<![CDATA[
entry:11 %write_ln13 = write void @_ssdm_op_Write.ap_auto.i32P0A, i32 %y, i32 %acc

]]></Node>
<StgValue><ssdm name="write_ln13"/></StgValue>
</operation>

<operation id="18" st_id="3" stage="1" lat="1">
<core>NULL</core>
<MemPortIdVec></MemPortIdVec>
<condition id="-1">
<or_exp><and_exp></and_exp></or_exp>
</condition>

<Node id="17" bw="0">
<![CDATA[
entry:12 %ret_ln16 = ret

]]></Node>
<StgValue><ssdm name="ret_ln16"/></StgValue>
</operation>
</state>
</state_list>


<ports>
<port id="21" name="y" dir="1" iftype="0">
<core>NULL</core><StgValue><ssdm name="y"/></StgValue>
</port>
<port id="22" name="x" dir="0" iftype="0">
<core>NULL</core><StgValue><ssdm name="x"/></StgValue>
</port>
<port id="23" name="shift_reg" dir="2" iftype="1">
<core>RAM</core><StgValue><ssdm name="shift_reg"/><MemPortTyVec>0 1 </MemPortTyVec>
</StgValue>
</port>
<port id="24" name="FIR2_int_int_C" dir="0" iftype="1">
<core>ROM</core><StgValue><ssdm name="FIR2_int_int_C"/><MemPortTyVec>1 </MemPortTyVec>
</StgValue>
</port>
</ports>


<dataflows>
<dataflow id="26" from="_ssdm_op_Read.ap_auto.i32" to="x_read" fromId="25" toId="4">
</dataflow>
<dataflow id="27" from="x" to="x_read" fromId="22" toId="4">
</dataflow>
<dataflow id="29" from="StgValue_28" to="acc_loc" fromId="28" toId="5">
</dataflow>
<dataflow id="31" from="FIR_ALL_Pipeline_SAL" to="call_ln0" fromId="30" toId="6">
</dataflow>
<dataflow id="32" from="acc_loc" to="call_ln0" fromId="5" toId="6">
</dataflow>
<dataflow id="33" from="shift_reg" to="call_ln0" fromId="23" toId="6">
</dataflow>
<dataflow id="34" from="FIR2_int_int_C" to="call_ln0" fromId="24" toId="6">
</dataflow>
<dataflow id="35" from="x_read" to="mul_ln12" fromId="4" toId="7">
</dataflow>
<dataflow id="37" from="StgValue_36" to="mul_ln12" fromId="36" toId="7">
</dataflow>
<dataflow id="38" from="FIR_ALL_Pipeline_SAL" to="call_ln0" fromId="30" toId="8">
</dataflow>
<dataflow id="39" from="acc_loc" to="call_ln0" fromId="5" toId="8">
</dataflow>
<dataflow id="40" from="shift_reg" to="call_ln0" fromId="23" toId="8">
</dataflow>
<dataflow id="41" from="FIR2_int_int_C" to="call_ln0" fromId="24" toId="8">
</dataflow>
<dataflow id="42" from="x_read" to="mul_ln12" fromId="4" toId="9">
</dataflow>
<dataflow id="43" from="StgValue_36" to="mul_ln12" fromId="36" toId="9">
</dataflow>
<dataflow id="45" from="_ssdm_op_SpecTopModule" to="spectopmodule_ln10" fromId="44" toId="10">
</dataflow>
<dataflow id="47" from="empty_1" to="spectopmodule_ln10" fromId="46" toId="10">
</dataflow>
<dataflow id="49" from="_ssdm_op_SpecBitsMap" to="specbitsmap_ln0" fromId="48" toId="11">
</dataflow>
<dataflow id="50" from="y" to="specbitsmap_ln0" fromId="21" toId="11">
</dataflow>
<dataflow id="52" from="_ssdm_op_SpecInterface" to="specinterface_ln0" fromId="51" toId="12">
</dataflow>
<dataflow id="53" from="y" to="specinterface_ln0" fromId="21" toId="12">
</dataflow>
<dataflow id="55" from="empty" to="specinterface_ln0" fromId="54" toId="12">
</dataflow>
<dataflow id="57" from="StgValue_56" to="specinterface_ln0" fromId="56" toId="12">
</dataflow>
<dataflow id="58" from="StgValue_56" to="specinterface_ln0" fromId="56" toId="12">
</dataflow>
<dataflow id="60" from="empty_0" to="specinterface_ln0" fromId="59" toId="12">
</dataflow>
<dataflow id="61" from="StgValue_56" to="specinterface_ln0" fromId="56" toId="12">
</dataflow>
<dataflow id="62" from="StgValue_56" to="specinterface_ln0" fromId="56" toId="12">
</dataflow>
<dataflow id="63" from="empty_0" to="specinterface_ln0" fromId="59" toId="12">
</dataflow>
<dataflow id="64" from="empty_0" to="specinterface_ln0" fromId="59" toId="12">
</dataflow>
<dataflow id="65" from="empty_0" to="specinterface_ln0" fromId="59" toId="12">
</dataflow>
<dataflow id="66" from="StgValue_56" to="specinterface_ln0" fromId="56" toId="12">
</dataflow>
<dataflow id="67" from="StgValue_56" to="specinterface_ln0" fromId="56" toId="12">
</dataflow>
<dataflow id="68" from="StgValue_56" to="specinterface_ln0" fromId="56" toId="12">
</dataflow>
<dataflow id="69" from="StgValue_56" to="specinterface_ln0" fromId="56" toId="12">
</dataflow>
<dataflow id="70" from="empty_0" to="specinterface_ln0" fromId="59" toId="12">
</dataflow>
<dataflow id="71" from="empty_0" to="specinterface_ln0" fromId="59" toId="12">
</dataflow>
<dataflow id="73" from="StgValue_72" to="specinterface_ln0" fromId="72" toId="12">
</dataflow>
<dataflow id="74" from="StgValue_56" to="specinterface_ln0" fromId="56" toId="12">
</dataflow>
<dataflow id="75" from="_ssdm_op_SpecBitsMap" to="specbitsmap_ln0" fromId="48" toId="13">
</dataflow>
<dataflow id="76" from="x" to="specbitsmap_ln0" fromId="22" toId="13">
</dataflow>
<dataflow id="77" from="_ssdm_op_SpecInterface" to="specinterface_ln0" fromId="51" toId="14">
</dataflow>
<dataflow id="78" from="x" to="specinterface_ln0" fromId="22" toId="14">
</dataflow>
<dataflow id="79" from="empty" to="specinterface_ln0" fromId="54" toId="14">
</dataflow>
<dataflow id="80" from="StgValue_56" to="specinterface_ln0" fromId="56" toId="14">
</dataflow>
<dataflow id="81" from="StgValue_56" to="specinterface_ln0" fromId="56" toId="14">
</dataflow>
<dataflow id="82" from="empty_0" to="specinterface_ln0" fromId="59" toId="14">
</dataflow>
<dataflow id="83" from="StgValue_56" to="specinterface_ln0" fromId="56" toId="14">
</dataflow>
<dataflow id="84" from="StgValue_56" to="specinterface_ln0" fromId="56" toId="14">
</dataflow>
<dataflow id="85" from="empty_0" to="specinterface_ln0" fromId="59" toId="14">
</dataflow>
<dataflow id="86" from="empty_0" to="specinterface_ln0" fromId="59" toId="14">
</dataflow>
<dataflow id="87" from="empty_0" to="specinterface_ln0" fromId="59" toId="14">
</dataflow>
<dataflow id="88" from="StgValue_56" to="specinterface_ln0" fromId="56" toId="14">
</dataflow>
<dataflow id="89" from="StgValue_56" to="specinterface_ln0" fromId="56" toId="14">
</dataflow>
<dataflow id="90" from="StgValue_56" to="specinterface_ln0" fromId="56" toId="14">
</dataflow>
<dataflow id="91" from="StgValue_56" to="specinterface_ln0" fromId="56" toId="14">
</dataflow>
<dataflow id="92" from="empty_0" to="specinterface_ln0" fromId="59" toId="14">
</dataflow>
<dataflow id="93" from="empty_0" to="specinterface_ln0" fromId="59" toId="14">
</dataflow>
<dataflow id="94" from="StgValue_72" to="specinterface_ln0" fromId="72" toId="14">
</dataflow>
<dataflow id="95" from="StgValue_56" to="specinterface_ln0" fromId="56" toId="14">
</dataflow>
<dataflow id="96" from="acc_loc" to="acc_loc_load" fromId="5" toId="15">
</dataflow>
<dataflow id="97" from="acc_loc_load" to="acc" fromId="15" toId="16">
</dataflow>
<dataflow id="98" from="mul_ln12" to="acc" fromId="9" toId="16">
</dataflow>
<dataflow id="100" from="_ssdm_op_Write.ap_auto.i32P0A" to="write_ln13" fromId="99" toId="17">
</dataflow>
<dataflow id="101" from="y" to="write_ln13" fromId="21" toId="17">
</dataflow>
<dataflow id="102" from="acc" to="write_ln13" fromId="16" toId="17">
</dataflow>
</dataflows>


</stg>
