<stg><name>FIR_ALL</name>


<trans_list>

<trans id="19" from="1" to="2">
<condition id="-1">
<or_exp><and_exp></and_exp></or_exp>
</condition>
</trans>

<trans id="20" from="2" to="3">
<condition id="-1">
<or_exp><and_exp></and_exp></or_exp>
</condition>
</trans>
</trans_list>



<state_list>

<state id="1" st_id="1">

<operation id="4" st_id="1" stage="1" lat="1">
<core>NULL</core>
<MemPortIdVec></MemPortIdVec>
<condition id="-1">
<or_exp><and_exp></and_exp></or_exp>
</condition>

<Node id="5" bw="32" op_0_bw="32" op_1_bw="32">
<![CDATA[
entry:0 %x_read = read i32 @_ssdm_op_Read.ap_auto.i32, i32 %x

]]></Node>
<StgValue><ssdm name="x_read"/></StgValue>
</operation>

<operation id="5" st_id="1" stage="1" lat="1">
<core>NULL</core>
<MemPortIdVec></MemPortIdVec>
<condition id="-1">
<or_exp><and_exp></and_exp></or_exp>
</condition>

<Node id="6" bw="32" op_0_bw="64">
<![CDATA[
entry:1 %acc_loc = alloca i64 1

]]></Node>
<StgValue><ssdm name="acc_loc"/></StgValue>
</operation>

<operation id="6" st_id="1" stage="2" lat="2">
<core></core>
<MemPortIdVec></MemPortIdVec>
<condition id="-1">
<or_exp><and_exp></and_exp></or_exp>
</condition>

<Node id="12" bw="0" op_0_bw="0" op_1_bw="32" op_2_bw="32" op_3_bw="32">
<![CDATA[
entry:7 %call_ln0 = call void @FIR_ALL_Pipeline_SAL, i32 %acc_loc, i32 %shift_reg, i32 %FIR2_int_int_C

]]></Node>
<StgValue><ssdm name="call_ln0"/></StgValue>
</operation>

<operation id="7" st_id="1" stage="2" lat="2">
<core>Multiplier</core>
<MemPortIdVec></MemPortIdVec>
<condition id="-1">
<or_exp><and_exp></and_exp></or_exp>
</condition>

<Node id="14" bw="32" op_0_bw="32" op_1_bw="32">
<![CDATA[
entry:9 %mul_ln12 = mul i32 %x_read, i32 53

]]></Node>
<StgValue><ssdm name="mul_ln12"/></StgValue>
</operation>
</state>

<state id="2" st_id="2">

<operation id="8" st_id="2" stage="1" lat="2">
<core></core>
<MemPortIdVec></MemPortIdVec>
<condition id="-1">
<or_exp><and_exp></and_exp></or_exp>
</condition>

<Node id="12" bw="0" op_0_bw="0" op_1_bw="32" op_2_bw="32" op_3_bw="32">
<![CDATA[
entry:7 %call_ln0 = call void @FIR_ALL_Pipeline_SAL, i32 %acc_loc, i32 %shift_reg, i32 %FIR2_int_int_C

]]></Node>
<StgValue><ssdm name="call_ln0"/></StgValue>
</operation>

<operation id="9" st_id="2" stage="1" lat="2">
<core>Multiplier</core>
<MemPortIdVec></MemPortIdVec>
<condition id="-1">
<or_exp><and_exp></and_exp></or_exp>
</condition>

<Node id="14" bw="32" op_0_bw="32" op_1_bw="32">
<![CDATA[
entry:9 %mul_ln12 = mul i32 %x_read, i32 53

]]></Node>
<StgValue><ssdm name="mul_ln12"/></StgValue>
</operation>
</state>

<state id="3" st_id="3">

<operation id="10" st_id="3" stage="1" lat="1">
<core>NULL</core>
<MemPortIdVec></MemPortIdVec>
<condition id="-1">
<or_exp><and_exp></and_exp></or_exp>
</condition>

<Node id="7" bw="0" op_0_bw="0" op_1_bw="0">
<![CDATA[
entry:2 %spectopmodule_ln10 = spectopmodule void @_ssdm_op_SpecTopModule, void @empty_1

]]></Node>
<StgValue><ssdm name="spectopmodule_ln10"/></StgValue>
</operation>

<operation id="11" st_id="3" stage="1" lat="1">
<core>NULL</core>
<MemPortIdVec></MemPortIdVec>
<condition id="-1">
<or_exp><and_exp></and_exp></or_exp>
</condition>

<Node id="8" bw="0" op_0_bw="0" op_1_bw="32">
<![CDATA[
entry:3 %specbitsmap_ln0 = specbitsmap void @_ssdm_op_SpecBitsMap, i32 %y

]]></Node>
<StgValue><ssdm name="specbitsmap_ln0"/></StgValue>
</operation>

<operation id="12" st_id="3" stage="1" lat="1">
<core>NULL</core>
<MemPortIdVec></MemPortIdVec>
<condition id="-1">
<or_exp><and_exp></and_exp></or_exp>
</condition>

<Node id="9" bw="0" op_0_bw="0" op_1_bw="32" op_2_bw="0" op_3_bw="32" op_4_bw="32" op_5_bw="0" op_6_bw="32" op_7_bw="32" op_8_bw="0" op_9_bw="0" op_10_bw="0" op_11_bw="32" op_12_bw="32" op_13_bw="32" op_14_bw="32" op_15_bw="0" op_16_bw="0" op_17_bw="32" op_18_bw="32">
<![CDATA[
entry:4 %specinterface_ln0 = specinterface void @_ssdm_op_SpecInterface, i32 %y, void @empty, i32 0, i32 0, void @empty_0, i32 0, i32 0, void @empty_0, void @empty_0, void @empty_0, i32 0, i32 0, i32 0, i32 0, void @empty_0, void @empty_0, i32 4294967295, i32 0

]]></Node>
<StgValue><ssdm name="specinterface_ln0"/></StgValue>
</operation>

<operation id="13" st_id="3" stage="1" lat="1">
<core>NULL</core>
<MemPortIdVec></MemPortIdVec>
<condition id="-1">
<or_exp><and_exp></and_exp></or_exp>
</condition>

<Node id="10" bw="0" op_0_bw="0" op_1_bw="32">
<![CDATA[
entry:5 %specbitsmap_ln0 = specbitsmap void @_ssdm_op_SpecBitsMap, i32 %x

]]></Node>
<StgValue><ssdm name="specbitsmap_ln0"/></StgValue>
</operation>

<operation id="14" st_id="3" stage="1" lat="1">
<core>NULL</core>
<MemPortIdVec></MemPortIdVec>
<condition id="-1">
<or_exp><and_exp></and_exp></or_exp>
</condition>

<Node id="11" bw="0" op_0_bw="0" op_1_bw="32" op_2_bw="0" op_3_bw="32" op_4_bw="32" op_5_bw="0" op_6_bw="32" op_7_bw="32" op_8_bw="0" op_9_bw="0" op_10_bw="0" op_11_bw="32" op_12_bw="32" op_13_bw="32" op_14_bw="32" op_15_bw="0" op_16_bw="0" op_17_bw="32" op_18_bw="32">
<![CDATA[
entry:6 %specinterface_ln0 = specinterface void @_ssdm_op_SpecInterface, i32 %x, void @empty, i32 0, i32 0, void @empty_0, i32 0, i32 0, void @empty_0, void @empty_0, void @empty_0, i32 0, i32 0, i32 0, i32 0, void @empty_0, void @empty_0, i32 4294967295, i32 0

]]></Node>
<StgValue><ssdm name="specinterface_ln0"/></StgValue>
</operation>

<operation id="15" st_id="3" stage="1" lat="1">
<core>NULL</core>
<MemPortIdVec></MemPortIdVec>
<condition id="-1">
<or_exp><and_exp></and_exp></or_exp>
</condition>

<Node id="13" bw="32" op_0_bw="32" op_1_bw="0">
<![CDATA[
entry:8 %acc_loc_load = load i32 %acc_loc

]]></Node>
<StgValue><ssdm name="acc_loc_load"/></StgValue>
</operation>

<operation id="16" st_id="3" stage="1" lat="1">
<core>Adder</core>
<MemPortIdVec></MemPortIdVec>
<condition id="-1">
<or_exp><and_exp></and_exp></or_exp>
</condition>

<Node id="15" bw="32" op_0_bw="32" op_1_bw="32">
<![CDATA[
entry:10 %acc = add i32 %acc_loc_load, i32 %mul_ln12

]]></Node>
<StgValue><ssdm name="acc"/></StgValue>
</operation>

<operation id="17" st_id="3" stage="1" lat="1">
<core>NULL</core>
<MemPortIdVec></MemPortIdVec>
<condition id="-1">
<or_exp><and_exp></and_exp></or_exp>
</condition>

<Node id="16" bw="0" op_0_bw="0" op_1_bw="32" op_2_bw="32">
<![CDATA[
entry:11 %write_ln13 = write void @_ssdm_op_Write.ap_auto.i32P0A, i32 %y, i32 %acc

]]></Node>
<StgValue><ssdm name="write_ln13"/></StgValue>
</operation>

<operation id="18" st_id="3" stage="1" lat="1">
<core>NULL</core>
<MemPortIdVec></MemPortIdVec>
<condition id="-1">
<or_exp><and_exp></and_exp></or_exp>
</condition>

<Node id="17" bw="0">
<![CDATA[
entry:12 %ret_ln16 = ret

]]></Node>
<StgValue><ssdm name="ret_ln16"/></StgValue>
</operation>
</state>
</state_list>


<ports>
</ports>


<dataflows>
</dataflows>


</stg>
