<profile>

<section name = "Vitis HLS Report for 'FIR_ALL'" level="0">
<item name = "Date">Thu Jan 29 21:27:51 2026
</item>
<item name = "Version">2023.2 (Build 4023990 on Oct 11 2023)</item>
<item name = "Project">FIR_Filter</item>
<item name = "Solution">solution1 (Vivado IP Flow Target)</item>
<item name = "Product family">zynq</item>
<item name = "Target device">xc7z020-clg484-1</item>
</section>

<section name = "Performance Estimates" level="0">
<item name = "Timing">
<section name = "" level="1">
<item name = "Summary"><table name="" hasTotal="0">
<keys size="4">Clock, Target, Estimated, Uncertainty</keys>
<column name="ap_clk">10.00 ns, 6.912 ns, 2.70 ns</column>
</table>
</item>
</section>
</item>
<item name = "Latency">
<section name = "" level="1">
<item name = "Summary"><table name="" hasTotal="0">
<keys size="8">, min, max, min, max, min, max, Type</keys>
<column name="">17, 17, 0.170 us, 0.170 us, 18, 18, no</column>
</table>
</item>
<item name = "Detail">
<section name = "" level="1">
<item name = "Instance"><table name="" hasTotal="0">
<keys size="9">Instance, Module, min, max, min, max, min, max, Type</keys>
<column name="grp_FIR_ALL_Pipeline_SAL_fu_51">FIR_ALL_Pipeline_SAL, 15, 15, 0.150 us, 0.150 us, 15, 15, no</column>
</table>
</item>
<item name = "Loop"><table name="" hasTotal="0">
<keys size="8">Loop Name, min, max, Latency, achieved, target, Count, Pipelined</keys>
</table>
</item>
</section>
</item>
</section>
</item>
</section>

<section name = "Utilization Estimates" level="0">
<item name = "Summary"><table name="" hasTotal="1">
<keys size="6">Name, BRAM_18K, DSP, FF, LUT, URAM</keys>
<column name="DSP">-, -, -, -, -</column>
<column name="Expression">-, -, 0, 39, -</column>
<column name="FIFO">-, -, -, -, -</column>
<column name="Instance">0, 4, 636, 256, 0</column>
<column name="Memory">-, -, -, -, -</column>
<column name="Multiplexer">-, -, -, 20, -</column>
<column name="Register">-, -, 36, -, -</column>
<specialColumn name="Available">280, 220, 106400, 53200, 0</specialColumn>
<specialColumn name="Utilization (%)">0, 1, ~0, ~0, 0</specialColumn>
</table>
</item>
<item name = "Detail">
<section name = "" level="1">
<item name = "Instance"><table name="" hasTotal="1">
<keys size="7">Instance, Module, BRAM_18K, DSP, FF, LUT, URAM</keys>
<column name="grp_FIR_ALL_Pipeline_SAL_fu_51">FIR_ALL_Pipeline_SAL, 0, 2, 471, 206, 0</column>
<column name="mul_32s_7ns_32_2_1_U6">mul_32s_7ns_32_2_1, 0, 2, 165, 50, 0</column>
</table>
</item>
<item name = "DSP"><table name="" hasTotal="0">
<keys size="3">Instance, Module, Expression</keys>
</table>
</item>
<item name = "Memory"><table name="" hasTotal="1">
<keys size="10">Memory, Module, BRAM_18K, FF, LUT, URAM, Words, Bits, Banks, W*Bits*Banks</keys>
</table>
</item>
<item name = "FIFO"><table name="" hasTotal="1">
<keys size="8">Name, BRAM_18K, FF, LUT, URAM, Depth, Bits, Size:D*B</keys>
</table>
</item>
<item name = "Expression"><table name="" hasTotal="1">
<keys size="7">Variable Name, Operation, DSP, FF, LUT, Bitwidth P0, Bitwidth P1</keys>
<column name="y">+, 0, 0, 39, 32, 32</column>
</table>
</item>
<item name = "Multiplexer"><table name="" hasTotal="1">
<keys size="5">Name, LUT, Input Size, Bits, Total Bits</keys>
<column name="ap_NS_fsm">20, 4, 1, 4</column>
</table>
</item>
<item name = "Register"><table name="" hasTotal="1">
<keys size="5">Name, FF, LUT, Bits, Const Bits</keys>
<column name="ap_CS_fsm">3, 0, 3, 0</column>
<column name="grp_FIR_ALL_Pipeline_SAL_fu_51_ap_start_reg">1, 0, 1, 0</column>
<column name="mul_ln12_reg_86">32, 0, 32, 0</column>
</table>
</item>
</section>
</item>
</section>

<section name = "Interface" level="0">
<item name = "Summary"><table name="" hasTotal="0">
<keys size="6">RTL Ports, Dir, Bits, Protocol, Source Object, C Type</keys>
<column name="ap_clk">in, 1, ap_ctrl_hs, FIR_ALL, return value</column>
<column name="ap_rst">in, 1, ap_ctrl_hs, FIR_ALL, return value</column>
<column name="ap_start">in, 1, ap_ctrl_hs, FIR_ALL, return value</column>
<column name="ap_done">out, 1, ap_ctrl_hs, FIR_ALL, return value</column>
<column name="ap_idle">out, 1, ap_ctrl_hs, FIR_ALL, return value</column>
<column name="ap_ready">out, 1, ap_ctrl_hs, FIR_ALL, return value</column>
<column name="y">out, 32, ap_vld, y, pointer</column>
<column name="y_ap_vld">out, 1, ap_vld, y, pointer</column>
<column name="x">in, 32, ap_none, x, scalar</column>
</table>
</item>
</section>
</profile>
