<stg><name>FIR_ALL_Pipeline_SAL</name>


<trans_list>

<trans id="54" from="1" to="2">
<condition id="-1">
<or_exp><and_exp></and_exp></or_exp>
</condition>
</trans>

<trans id="49" from="2" to="3">
<condition id="-1">
<or_exp><and_exp></and_exp></or_exp>
</condition>
</trans>

<trans id="50" from="3" to="4">
<condition id="-1">
<or_exp><and_exp></and_exp></or_exp>
</condition>
</trans>

<trans id="51" from="4" to="5">
<condition id="-1">
<or_exp><and_exp></and_exp></or_exp>
</condition>
</trans>
</trans_list>



<state_list>

<state id="1" st_id="2">

<operation id="8" st_id="1" stage="1" lat="1">
<core>NULL</core>
<MemPortIdVec></MemPortIdVec>
<condition id="-1">
<or_exp><and_exp></and_exp></or_exp>
</condition>

<Node id="4" bw="32" op_0_bw="32">
<![CDATA[
newFuncRoot:0 %acc = alloca i32 1

]]></Node>
<StgValue><ssdm name="acc"/></StgValue>
</operation>

<operation id="9" st_id="1" stage="1" lat="1">
<core>NULL</core>
<MemPortIdVec></MemPortIdVec>
<condition id="-1">
<or_exp><and_exp></and_exp></or_exp>
</condition>

<Node id="5" bw="4" op_0_bw="32">
<![CDATA[
newFuncRoot:1 %i = alloca i32 1

]]></Node>
<StgValue><ssdm name="i"/></StgValue>
</operation>

<operation id="10" st_id="1" stage="1" lat="1">
<core>NULL</core>
<MemPortIdVec></MemPortIdVec>
<condition id="-1">
<or_exp><and_exp></and_exp></or_exp>
</condition>

<Node id="6" bw="0" op_0_bw="4" op_1_bw="4">
<![CDATA[
newFuncRoot:2 %store_ln6 = store i4 10, i4 %i

]]></Node>
<StgValue><ssdm name="store_ln6"/></StgValue>
</operation>

<operation id="11" st_id="1" stage="1" lat="1">
<core>NULL</core>
<MemPortIdVec></MemPortIdVec>
<condition id="-1">
<or_exp><and_exp></and_exp></or_exp>
</condition>

<Node id="7" bw="0" op_0_bw="32" op_1_bw="32">
<![CDATA[
newFuncRoot:3 %store_ln6 = store i32 0, i32 %acc

]]></Node>
<StgValue><ssdm name="store_ln6"/></StgValue>
</operation>

<operation id="12" st_id="1" stage="1" lat="1">
<core>NULL</core>
<MemPortIdVec></MemPortIdVec>
<condition id="-1">
<or_exp><and_exp></and_exp></or_exp>
</condition>

<Node id="8" bw="0" op_0_bw="0">
<![CDATA[
newFuncRoot:4 %br_ln0 = br void %for.body.i.i.i

]]></Node>
<StgValue><ssdm name="br_ln0"/></StgValue>
</operation>

<operation id="13" st_id="1" stage="1" lat="1">
<core>NULL</core>
<MemPortIdVec></MemPortIdVec>
<condition id="-1">
<or_exp><and_exp></and_exp></or_exp>
</condition>

<Node id="10" bw="4" op_0_bw="4" op_1_bw="0">
<![CDATA[
for.body.i.i.i:0 %i_1 = load i4 %i

]]></Node>
<StgValue><ssdm name="i_1"/></StgValue>
</operation>

<operation id="14" st_id="1" stage="1" lat="1">
<core>Cmp</core>
<MemPortIdVec></MemPortIdVec>
<condition id="-1">
<or_exp><and_exp></and_exp></or_exp>
</condition>

<Node id="11" bw="1" op_0_bw="4" op_1_bw="4">
<![CDATA[
for.body.i.i.i:1 %icmp_ln8 = icmp_eq  i4 %i_1, i4 0

]]></Node>
<StgValue><ssdm name="icmp_ln8"/></StgValue>
</operation>

<operation id="15" st_id="1" stage="1" lat="1">
<core>NULL</core>
<MemPortIdVec></MemPortIdVec>
<condition id="-1">
<or_exp><and_exp></and_exp></or_exp>
</condition>

<Node id="12" bw="0" op_0_bw="1" op_1_bw="0" op_2_bw="0">
<![CDATA[
for.body.i.i.i:2 %br_ln8 = br i1 %icmp_ln8, void %for.body.i.i.i.split, void %_Z4FIR2Pii.exit.exitStub

]]></Node>
<StgValue><ssdm name="br_ln8"/></StgValue>
</operation>

<operation id="16" st_id="1" stage="1" lat="1">
<core>NULL</core>
<MemPortIdVec></MemPortIdVec>
<condition id="-1">
<or_exp><and_exp><literal name="icmp_ln8" val="0"/>
</and_exp></or_exp>
</condition>

<Node id="15" bw="64" op_0_bw="4">
<![CDATA[
for.body.i.i.i.split:1 %zext_ln8 = zext i4 %i_1

]]></Node>
<StgValue><ssdm name="zext_ln8"/></StgValue>
</operation>

<operation id="17" st_id="1" stage="1" lat="1">
<core>Adder</core>
<MemPortIdVec></MemPortIdVec>
<condition id="-1">
<or_exp><and_exp><literal name="icmp_ln8" val="0"/>
</and_exp></or_exp>
</condition>

<Node id="19" bw="4" op_0_bw="4" op_1_bw="4">
<![CDATA[
for.body.i.i.i.split:5 %add_ln8 = add i4 %i_1, i4 15

]]></Node>
<StgValue><ssdm name="add_ln8"/></StgValue>
</operation>

<operation id="18" st_id="1" stage="1" lat="1">
<core>NULL</core>
<MemPortIdVec></MemPortIdVec>
<condition id="-1">
<or_exp><and_exp><literal name="icmp_ln8" val="0"/>
</and_exp></or_exp>
</condition>

<Node id="20" bw="64" op_0_bw="4">
<![CDATA[
for.body.i.i.i.split:6 %zext_ln9 = zext i4 %add_ln8

]]></Node>
<StgValue><ssdm name="zext_ln9"/></StgValue>
</operation>

<operation id="19" st_id="1" stage="1" lat="1">
<core>NULL</core>
<MemPortIdVec></MemPortIdVec>
<condition id="-1">
<or_exp><and_exp><literal name="icmp_ln8" val="0"/>
</and_exp></or_exp>
</condition>

<Node id="21" bw="4" op_0_bw="32" op_1_bw="64" op_2_bw="64">
<![CDATA[
for.body.i.i.i.split:7 %shift_reg_addr = getelementptr i32 %shift_reg, i64 0, i64 %zext_ln9

]]></Node>
<StgValue><ssdm name="shift_reg_addr"/></StgValue>
</operation>

<operation id="20" st_id="1" stage="2" lat="2">
<core>RAM</core>
<MemPortIdVec>1 </MemPortIdVec>
<condition id="-1">
<or_exp><and_exp><literal name="icmp_ln8" val="0"/>
</and_exp></or_exp>
</condition>

<Node id="22" bw="32" op_0_bw="4">
<![CDATA[
for.body.i.i.i.split:8 %shift_reg_load = load i4 %shift_reg_addr

]]></Node>
<StgValue><ssdm name="shift_reg_load"/></StgValue>
</operation>

<operation id="21" st_id="1" stage="1" lat="1">
<core>NULL</core>
<MemPortIdVec></MemPortIdVec>
<condition id="-1">
<or_exp><and_exp><literal name="icmp_ln8" val="0"/>
</and_exp></or_exp>
</condition>

<Node id="25" bw="4" op_0_bw="32" op_1_bw="64" op_2_bw="64">
<![CDATA[
for.body.i.i.i.split:11 %FIR2_int_int_C_addr = getelementptr i32 %FIR2_int_int_C, i64 0, i64 %zext_ln8

]]></Node>
<StgValue><ssdm name="FIR2_int_int_C_addr"/></StgValue>
</operation>

<operation id="22" st_id="1" stage="2" lat="2">
<core>ROM</core>
<MemPortIdVec>0 </MemPortIdVec>
<condition id="-1">
<or_exp><and_exp><literal name="icmp_ln8" val="0"/>
</and_exp></or_exp>
</condition>

<Node id="26" bw="32" op_0_bw="4">
<![CDATA[
for.body.i.i.i.split:12 %FIR2_int_int_C_load = load i4 %FIR2_int_int_C_addr

]]></Node>
<StgValue><ssdm name="FIR2_int_int_C_load"/></StgValue>
</operation>

<operation id="23" st_id="1" stage="1" lat="1">
<core>NULL</core>
<MemPortIdVec></MemPortIdVec>
<condition id="-1">
<or_exp><and_exp><literal name="icmp_ln8" val="0"/>
</and_exp></or_exp>
</condition>

<Node id="29" bw="0" op_0_bw="4" op_1_bw="4" op_2_bw="0" op_3_bw="0">
<![CDATA[
for.body.i.i.i.split:15 %store_ln6 = store i4 %add_ln8, i4 %i

]]></Node>
<StgValue><ssdm name="store_ln6"/></StgValue>
</operation>
</state>

<state id="2" st_id="3">

<operation id="24" st_id="2" stage="1" lat="2">
<core>RAM</core>
<MemPortIdVec>1 </MemPortIdVec>
<condition id="-1">
<or_exp><and_exp></and_exp></or_exp>
</condition>

<Node id="22" bw="32" op_0_bw="4">
<![CDATA[
for.body.i.i.i.split:8 %shift_reg_load = load i4 %shift_reg_addr

]]></Node>
<StgValue><ssdm name="shift_reg_load"/></StgValue>
</operation>

<operation id="25" st_id="2" stage="1" lat="1">
<core>NULL</core>
<MemPortIdVec></MemPortIdVec>
<condition id="-1">
<or_exp><and_exp></and_exp></or_exp>
</condition>

<Node id="23" bw="4" op_0_bw="32" op_1_bw="64" op_2_bw="64">
<![CDATA[
for.body.i.i.i.split:9 %shift_reg_addr_1 = getelementptr i32 %shift_reg, i64 0, i64 %zext_ln8

]]></Node>
<StgValue><ssdm name="shift_reg_addr_1"/></StgValue>
</operation>

<operation id="26" st_id="2" stage="1" lat="1">
<core>RAM</core>
<MemPortIdVec>0 </MemPortIdVec>
<condition id="-1">
<or_exp><and_exp></and_exp></or_exp>
</condition>

<Node id="24" bw="0" op_0_bw="32" op_1_bw="4">
<![CDATA[
for.body.i.i.i.split:10 %store_ln9 = store i32 %shift_reg_load, i4 %shift_reg_addr_1

]]></Node>
<StgValue><ssdm name="store_ln9"/></StgValue>
</operation>

<operation id="27" st_id="2" stage="1" lat="2">
<core>ROM</core>
<MemPortIdVec>0 </MemPortIdVec>
<condition id="-1">
<or_exp><and_exp></and_exp></or_exp>
</condition>

<Node id="26" bw="32" op_0_bw="4">
<![CDATA[
for.body.i.i.i.split:12 %FIR2_int_int_C_load = load i4 %FIR2_int_int_C_addr

]]></Node>
<StgValue><ssdm name="FIR2_int_int_C_load"/></StgValue>
</operation>
</state>

<state id="3" st_id="4">

<operation id="28" st_id="3" stage="2" lat="2">
<core>Multiplier</core>
<MemPortIdVec></MemPortIdVec>
<condition id="-1">
<or_exp><and_exp></and_exp></or_exp>
</condition>

<Node id="27" bw="32" op_0_bw="32" op_1_bw="32">
<![CDATA[
for.body.i.i.i.split:13 %mul_ln10 = mul i32 %FIR2_int_int_C_load, i32 %shift_reg_load

]]></Node>
<StgValue><ssdm name="mul_ln10"/></StgValue>
</operation>
</state>

<state id="4" st_id="5">

<operation id="29" st_id="4" stage="1" lat="2">
<core>Multiplier</core>
<MemPortIdVec></MemPortIdVec>
<condition id="-1">
<or_exp><and_exp></and_exp></or_exp>
</condition>

<Node id="27" bw="32" op_0_bw="32" op_1_bw="32">
<![CDATA[
for.body.i.i.i.split:13 %mul_ln10 = mul i32 %FIR2_int_int_C_load, i32 %shift_reg_load

]]></Node>
<StgValue><ssdm name="mul_ln10"/></StgValue>
</operation>

<operation id="37" st_id="4" stage="1" lat="1">
<core>NULL</core>
<MemPortIdVec></MemPortIdVec>
<condition id="-1">
<or_exp><and_exp><literal name="icmp_ln8" val="1"/>
</and_exp></or_exp>
</condition>

<Node id="33" bw="32" op_0_bw="32" op_1_bw="0">
<![CDATA[
_Z4FIR2Pii.exit.exitStub:0 %acc_load_1 = load i32 %acc

]]></Node>
<StgValue><ssdm name="acc_load_1"/></StgValue>
</operation>

<operation id="38" st_id="4" stage="1" lat="1">
<core>NULL</core>
<MemPortIdVec></MemPortIdVec>
<condition id="-1">
<or_exp><and_exp><literal name="icmp_ln8" val="1"/>
</and_exp></or_exp>
</condition>

<Node id="34" bw="0" op_0_bw="0" op_1_bw="32" op_2_bw="32">
<![CDATA[
_Z4FIR2Pii.exit.exitStub:1 %write_ln0 = write void @_ssdm_op_Write.ap_auto.i32P0A, i32 %acc_out, i32 %acc_load_1

]]></Node>
<StgValue><ssdm name="write_ln0"/></StgValue>
</operation>

<operation id="39" st_id="4" stage="1" lat="1">
<core>NULL</core>
<MemPortIdVec></MemPortIdVec>
<condition id="-1">
<or_exp><and_exp><literal name="icmp_ln8" val="1"/>
</and_exp></or_exp>
</condition>

<Node id="35" bw="0">
<![CDATA[
_Z4FIR2Pii.exit.exitStub:2 %ret_ln0 = ret

]]></Node>
<StgValue><ssdm name="ret_ln0"/></StgValue>
</operation>
</state>

<state id="5" st_id="6">

<operation id="30" st_id="5" stage="1" lat="1">
<core>NULL</core>
<MemPortIdVec></MemPortIdVec>
<condition id="-1">
<or_exp><and_exp></and_exp></or_exp>
</condition>

<Node id="14" bw="32" op_0_bw="32" op_1_bw="0">
<![CDATA[
for.body.i.i.i.split:0 %acc_load = load i32 %acc

]]></Node>
<StgValue><ssdm name="acc_load"/></StgValue>
</operation>

<operation id="31" st_id="5" stage="1" lat="1">
<core>NULL</core>
<MemPortIdVec></MemPortIdVec>
<condition id="-1">
<or_exp><and_exp></and_exp></or_exp>
</condition>

<Node id="16" bw="0" op_0_bw="0" op_1_bw="32" op_2_bw="32" op_3_bw="32" op_4_bw="32" op_5_bw="0">
<![CDATA[
for.body.i.i.i.split:2 %specpipeline_ln6 = specpipeline void @_ssdm_op_SpecPipeline, i32 4294967295, i32 0, i32 0, i32 0, void @empty_0

]]></Node>
<StgValue><ssdm name="specpipeline_ln6"/></StgValue>
</operation>

<operation id="32" st_id="5" stage="1" lat="1">
<core>NULL</core>
<MemPortIdVec></MemPortIdVec>
<condition id="-1">
<or_exp><and_exp></and_exp></or_exp>
</condition>

<Node id="17" bw="0" op_0_bw="0" op_1_bw="64" op_2_bw="64" op_3_bw="64">
<![CDATA[
for.body.i.i.i.split:3 %speclooptripcount_ln6 = speclooptripcount void @_ssdm_op_SpecLoopTripCount, i64 10, i64 10, i64 10

]]></Node>
<StgValue><ssdm name="speclooptripcount_ln6"/></StgValue>
</operation>

<operation id="33" st_id="5" stage="1" lat="1">
<core>NULL</core>
<MemPortIdVec></MemPortIdVec>
<condition id="-1">
<or_exp><and_exp></and_exp></or_exp>
</condition>

<Node id="18" bw="0" op_0_bw="0" op_1_bw="0">
<![CDATA[
for.body.i.i.i.split:4 %specloopname_ln8 = specloopname void @_ssdm_op_SpecLoopName, void @empty_2

]]></Node>
<StgValue><ssdm name="specloopname_ln8"/></StgValue>
</operation>

<operation id="34" st_id="5" stage="1" lat="1">
<core>Adder</core>
<MemPortIdVec></MemPortIdVec>
<condition id="-1">
<or_exp><and_exp></and_exp></or_exp>
</condition>

<Node id="28" bw="32" op_0_bw="32" op_1_bw="32">
<![CDATA[
for.body.i.i.i.split:14 %acc_1 = add i32 %mul_ln10, i32 %acc_load

]]></Node>
<StgValue><ssdm name="acc_1"/></StgValue>
</operation>

<operation id="35" st_id="5" stage="1" lat="1">
<core>NULL</core>
<MemPortIdVec></MemPortIdVec>
<condition id="-1">
<or_exp><and_exp></and_exp></or_exp>
</condition>

<Node id="30" bw="0" op_0_bw="32" op_1_bw="32" op_2_bw="0" op_3_bw="0">
<![CDATA[
for.body.i.i.i.split:16 %store_ln6 = store i32 %acc_1, i32 %acc

]]></Node>
<StgValue><ssdm name="store_ln6"/></StgValue>
</operation>

<operation id="36" st_id="5" stage="1" lat="1">
<core>NULL</core>
<MemPortIdVec></MemPortIdVec>
<condition id="-1">
<or_exp><and_exp></and_exp></or_exp>
</condition>

<Node id="31" bw="0" op_0_bw="0">
<![CDATA[
for.body.i.i.i.split:17 %br_ln8 = br void %for.body.i.i.i

]]></Node>
<StgValue><ssdm name="br_ln8"/></StgValue>
</operation>
</state>
</state_list>


<ports>
<port id="55" name="acc_out" dir="1" iftype="0">
<core>NULL</core><StgValue><ssdm name="acc_out"/></StgValue>
</port>
<port id="56" name="shift_reg" dir="2" iftype="1">
<core>RAM</core><StgValue><ssdm name="shift_reg"/><MemPortTyVec>0 1 </MemPortTyVec>
</StgValue>
</port>
<port id="57" name="FIR2_int_int_C" dir="0" iftype="1">
<core>ROM</core><StgValue><ssdm name="FIR2_int_int_C"/><MemPortTyVec>1 </MemPortTyVec>
</StgValue>
</port>
</ports>


<dataflows>
<dataflow id="59" from="StgValue_58" to="acc" fromId="58" toId="8">
</dataflow>
<dataflow id="60" from="StgValue_58" to="i" fromId="58" toId="9">
</dataflow>
<dataflow id="62" from="StgValue_61" to="store_ln6" fromId="61" toId="10">
</dataflow>
<dataflow id="63" from="i" to="store_ln6" fromId="9" toId="10">
</dataflow>
<dataflow id="65" from="StgValue_64" to="store_ln6" fromId="64" toId="11">
</dataflow>
<dataflow id="66" from="acc" to="store_ln6" fromId="8" toId="11">
</dataflow>
<dataflow id="67" from="i" to="i_1" fromId="9" toId="13">
</dataflow>
<dataflow id="68" from="i_1" to="icmp_ln8" fromId="13" toId="14">
</dataflow>
<dataflow id="70" from="StgValue_69" to="icmp_ln8" fromId="69" toId="14">
</dataflow>
<dataflow id="71" from="icmp_ln8" to="br_ln8" fromId="14" toId="15">
</dataflow>
<dataflow id="72" from="i_1" to="zext_ln8" fromId="13" toId="16">
</dataflow>
<dataflow id="73" from="i_1" to="add_ln8" fromId="13" toId="17">
</dataflow>
<dataflow id="75" from="StgValue_74" to="add_ln8" fromId="74" toId="17">
</dataflow>
<dataflow id="76" from="add_ln8" to="zext_ln9" fromId="17" toId="18">
</dataflow>
<dataflow id="77" from="shift_reg" to="shift_reg_addr" fromId="56" toId="19">
</dataflow>
<dataflow id="79" from="StgValue_78" to="shift_reg_addr" fromId="78" toId="19">
</dataflow>
<dataflow id="80" from="zext_ln9" to="shift_reg_addr" fromId="18" toId="19">
</dataflow>
<dataflow id="81" from="shift_reg_addr" to="shift_reg_load" fromId="19" toId="20">
</dataflow>
<dataflow id="82" from="FIR2_int_int_C" to="FIR2_int_int_C_addr" fromId="57" toId="21">
</dataflow>
<dataflow id="83" from="StgValue_78" to="FIR2_int_int_C_addr" fromId="78" toId="21">
</dataflow>
<dataflow id="84" from="zext_ln8" to="FIR2_int_int_C_addr" fromId="16" toId="21">
</dataflow>
<dataflow id="85" from="FIR2_int_int_C_addr" to="FIR2_int_int_C_load" fromId="21" toId="22">
</dataflow>
<dataflow id="86" from="add_ln8" to="store_ln6" fromId="17" toId="23">
</dataflow>
<dataflow id="87" from="i" to="store_ln6" fromId="9" toId="23">
</dataflow>
<dataflow id="88" from="shift_reg_addr" to="shift_reg_load" fromId="19" toId="24">
</dataflow>
<dataflow id="89" from="shift_reg" to="shift_reg_addr_1" fromId="56" toId="25">
</dataflow>
<dataflow id="90" from="StgValue_78" to="shift_reg_addr_1" fromId="78" toId="25">
</dataflow>
<dataflow id="91" from="zext_ln8" to="shift_reg_addr_1" fromId="16" toId="25">
</dataflow>
<dataflow id="92" from="shift_reg_load" to="store_ln9" fromId="24" toId="26">
</dataflow>
<dataflow id="93" from="shift_reg_addr_1" to="store_ln9" fromId="25" toId="26">
</dataflow>
<dataflow id="94" from="FIR2_int_int_C_addr" to="FIR2_int_int_C_load" fromId="21" toId="27">
</dataflow>
<dataflow id="95" from="FIR2_int_int_C_load" to="mul_ln10" fromId="27" toId="28">
</dataflow>
<dataflow id="96" from="shift_reg_load" to="mul_ln10" fromId="24" toId="28">
</dataflow>
<dataflow id="97" from="FIR2_int_int_C_load" to="mul_ln10" fromId="27" toId="29">
</dataflow>
<dataflow id="98" from="shift_reg_load" to="mul_ln10" fromId="24" toId="29">
</dataflow>
<dataflow id="99" from="acc" to="acc_load" fromId="8" toId="30">
</dataflow>
<dataflow id="101" from="_ssdm_op_SpecPipeline" to="specpipeline_ln6" fromId="100" toId="31">
</dataflow>
<dataflow id="103" from="StgValue_102" to="specpipeline_ln6" fromId="102" toId="31">
</dataflow>
<dataflow id="104" from="StgValue_64" to="specpipeline_ln6" fromId="64" toId="31">
</dataflow>
<dataflow id="105" from="StgValue_64" to="specpipeline_ln6" fromId="64" toId="31">
</dataflow>
<dataflow id="106" from="StgValue_64" to="specpipeline_ln6" fromId="64" toId="31">
</dataflow>
<dataflow id="108" from="empty_0" to="specpipeline_ln6" fromId="107" toId="31">
</dataflow>
<dataflow id="110" from="_ssdm_op_SpecLoopTripCount" to="speclooptripcount_ln6" fromId="109" toId="32">
</dataflow>
<dataflow id="112" from="StgValue_111" to="speclooptripcount_ln6" fromId="111" toId="32">
</dataflow>
<dataflow id="113" from="StgValue_111" to="speclooptripcount_ln6" fromId="111" toId="32">
</dataflow>
<dataflow id="114" from="StgValue_111" to="speclooptripcount_ln6" fromId="111" toId="32">
</dataflow>
<dataflow id="116" from="_ssdm_op_SpecLoopName" to="specloopname_ln8" fromId="115" toId="33">
</dataflow>
<dataflow id="118" from="empty_2" to="specloopname_ln8" fromId="117" toId="33">
</dataflow>
<dataflow id="119" from="mul_ln10" to="acc_1" fromId="29" toId="34">
</dataflow>
<dataflow id="120" from="acc_load" to="acc_1" fromId="30" toId="34">
</dataflow>
<dataflow id="121" from="acc_1" to="store_ln6" fromId="34" toId="35">
</dataflow>
<dataflow id="122" from="acc" to="store_ln6" fromId="8" toId="35">
</dataflow>
<dataflow id="123" from="acc" to="acc_load_1" fromId="8" toId="37">
</dataflow>
<dataflow id="125" from="_ssdm_op_Write.ap_auto.i32P0A" to="write_ln0" fromId="124" toId="38">
</dataflow>
<dataflow id="126" from="acc_out" to="write_ln0" fromId="55" toId="38">
</dataflow>
<dataflow id="127" from="acc_load_1" to="write_ln0" fromId="37" toId="38">
</dataflow>
<dataflow id="128" from="icmp_ln8" to="StgValue_2" fromId="14" toId="2">
</dataflow>
<dataflow id="129" from="icmp_ln8" to="StgValue_5" fromId="14" toId="5">
</dataflow>
</dataflows>


</stg>
