<?xml version="1.0"?>
<Runs Version="1" Minor="0">
	<Run Id="simple_io_processing_system7_0_0_synth_1" LaunchDir="D:/SoC_lab/Ex2/Ex2.runs/simple_io_processing_system7_0_0_synth_1" FlowId="Vivado_Synthesis" FromStepId="vivado" ToStepId="vivado"/>
	<Run Id="simple_io_rst_ps7_0_100M_0_synth_1" LaunchDir="D:/SoC_lab/Ex2/Ex2.runs/simple_io_rst_ps7_0_100M_0_synth_1" FlowId="Vivado_Synthesis" FromStepId="vivado" ToStepId="vivado"/>
	<Run Id="simple_io_led_switch_0_1_synth_1" LaunchDir="D:/SoC_lab/Ex2/Ex2.runs/simple_io_led_switch_0_1_synth_1" FlowId="Vivado_Synthesis" FromStepId="vivado" ToStepId="vivado"/>
	<Run Id="simple_io_auto_pc_0_synth_1" LaunchDir="D:/SoC_lab/Ex2/Ex2.runs/simple_io_auto_pc_0_synth_1" FlowId="Vivado_Synthesis" FromStepId="vivado" ToStepId="vivado"/>
	<Run Id="synth_1" LaunchDir="D:/SoC_lab/Ex2/Ex2.runs/synth_1" FlowId="Vivado_Synthesis" FromStepId="vivado" ToStepId="vivado">
		<Parent Id="simple_io_processing_system7_0_0_synth_1"/>
		<Parent Id="simple_io_rst_ps7_0_100M_0_synth_1"/>
		<Parent Id="simple_io_led_switch_0_1_synth_1"/>
		<Parent Id="simple_io_auto_pc_0_synth_1"/>
	</Run>
	<Run Id="impl_1" LaunchDir="D:/SoC_lab/Ex2/Ex2.runs/impl_1" FlowId="Vivado_Implementation" FromStepId="init_design" ToStepId="route_design">
		<Parent Id="synth_1"/>
		<Parent Id="simple_io_processing_system7_0_0_synth_1"/>
		<Parent Id="simple_io_rst_ps7_0_100M_0_synth_1"/>
		<Parent Id="simple_io_led_switch_0_1_synth_1"/>
		<Parent Id="simple_io_auto_pc_0_synth_1"/>
	</Run>
	<Parameters>
		<Parameter Name="runs.monitorLSFJobs" Val="true" Type="bool"/>
		<Parameter Name="runs.enableClusterConf" Val="true" Type="bool"/>
	</Parameters>
</Runs>

