{
  "Top": "FIR_ALL",
  "RtlTop": "FIR_ALL",
  "RtlPrefix": "",
  "RtlSubPrefix": "FIR_ALL_",
  "SourceLanguage": "cpp",
  "HostMachineBits": "64",
  "FunctionProtocol": "ap_ctrl_hs",
  "ResetStyle": "control",
  "Target": {
    "Family": "zynq",
    "Device": "xc7z020",
    "Package": "-clg484",
    "Speed": "-1",
    "Triple": "fpga64-xilinx-none"
  },
  "Args": {
    "y": {
      "index": "0",
      "direction": "out",
      "srcType": "int*",
      "srcSize": "32",
      "hwRefs": [
        {
          "type": "port",
          "interface": "y",
          "name": "y",
          "usage": "data",
          "direction": "out"
        },
        {
          "type": "port",
          "interface": "y_ap_vld",
          "name": "y_ap_vld",
          "usage": "control",
          "direction": "out"
        }
      ]
    },
    "x": {
      "index": "1",
      "direction": "in",
      "srcType": "int",
      "srcSize": "32",
      "hwRefs": [{
          "type": "port",
          "interface": "x",
          "name": "x",
          "usage": "data",
          "direction": "in"
        }]
    }
  },
  "HlsSolution": {
    "FlowTarget": "vivado",
    "DirectiveTcl": ["set_directive_top FIR_ALL -name FIR_ALL"],
    "ProfileOption": "0",
    "ProfileType": "none",
    "KernelName": "FIR_ALL"
  },
  "ClockInfo": {
    "ClockName": "ap_clk",
    "ClockPeriod": "10",
    "Uncertainty": "2.7",
    "IsCombinational": "0",
    "II": "18",
    "Latency": "17"
  },
  "Xdc": {"OocClocks": ["create_clock -name ap_clk -period 10.000 [get_ports ap_clk]"]},
  "Ipx": {
    "Vendor": "xilinx.com",
    "Library": "hls",
    "Name": "FIR_ALL",
    "Version": "1.0",
    "DisplayName": "Fir_all",
    "Revision": "2114457807",
    "Description": "An IP generated by Vitis HLS",
    "Taxonomy": "\/VITIS_HLS_IP",
    "AutoFamilySupport": "",
    "ZipFile": "xilinx_com_hls_FIR_ALL_1_0.zip"
  },
  "Files": {
    "CSource": [
      "E:\/FIR\/FIR1.cpp",
      "E:\/FIR\/FIR2.cpp",
      "E:\/FIR\/FIR3.cpp",
      "E:\/FIR\/FIR4.cpp",
      "E:\/FIR\/FIR5.cpp",
      "E:\/FIR\/FIR_ALL.cpp"
    ],
    "Vhdl": [
      "impl\/vhdl\/FIR_ALL_FIR_ALL_Pipeline_SAL.vhd",
      "impl\/vhdl\/FIR_ALL_FIR_ALL_Pipeline_SAL_FIR2_int_int_C_ROM_AUTO_1R.vhd",
      "impl\/vhdl\/FIR_ALL_FIR_ALL_Pipeline_SAL_shift_reg_RAM_AUTO_1R1W.vhd",
      "impl\/vhdl\/FIR_ALL_flow_control_loop_pipe_sequential_init.vhd",
      "impl\/vhdl\/FIR_ALL_mul_11s_32s_32_2_1.vhd",
      "impl\/vhdl\/FIR_ALL_mul_32s_7ns_32_2_1.vhd",
      "impl\/vhdl\/FIR_ALL.vhd"
    ],
    "Verilog": [
      "impl\/verilog\/FIR_ALL_FIR_ALL_Pipeline_SAL.v",
      "impl\/verilog\/FIR_ALL_FIR_ALL_Pipeline_SAL_FIR2_int_int_C_ROM_AUTO_1R.dat",
      "impl\/verilog\/FIR_ALL_FIR_ALL_Pipeline_SAL_FIR2_int_int_C_ROM_AUTO_1R.v",
      "impl\/verilog\/FIR_ALL_FIR_ALL_Pipeline_SAL_shift_reg_RAM_AUTO_1R1W.dat",
      "impl\/verilog\/FIR_ALL_FIR_ALL_Pipeline_SAL_shift_reg_RAM_AUTO_1R1W.v",
      "impl\/verilog\/FIR_ALL_flow_control_loop_pipe_sequential_init.v",
      "impl\/verilog\/FIR_ALL_mul_11s_32s_32_2_1.v",
      "impl\/verilog\/FIR_ALL_mul_32s_7ns_32_2_1.v",
      "impl\/verilog\/FIR_ALL.v"
    ],
    "IpMisc": ["impl\/misc\/logo.png"],
    "CsynthXml": "syn\/report\/csynth.xml",
    "DebugDir": ".debug",
    "KernelXml": ".autopilot\/db\/kernel.internal.xml",
    "Xo": "",
    "XoHlsDir": "",
    "ProtoInst": [".debug\/FIR_ALL.protoinst"]
  },
  "SubcoreInfo": {
    "HasXpmMemory": false,
    "HasClockedDsp": false,
    "Ip": []
  },
  "Interfaces": {
    "ap_clk": {
      "type": "clock",
      "busTypeName": "clock",
      "mode": "slave",
      "busParams": {"ASSOCIATED_RESET": "ap_rst"},
      "portMap": {"ap_clk": "CLK"},
      "ports": ["ap_clk"]
    },
    "ap_rst": {
      "type": "reset",
      "busTypeName": "reset",
      "mode": "slave",
      "busParams": {"POLARITY": "ACTIVE_HIGH"},
      "portMap": {"ap_rst": "RST"},
      "ports": ["ap_rst"]
    },
    "ap_ctrl": {
      "type": "ap_ctrl",
      "busTypeName": "acc_handshake",
      "mode": "slave",
      "portMap": {
        "ap_start": "start",
        "ap_done": "done",
        "ap_idle": "idle",
        "ap_ready": "ready"
      },
      "ports": [
        "ap_done",
        "ap_idle",
        "ap_ready",
        "ap_start"
      ]
    },
    "y": {
      "type": "data",
      "busTypeName": "data",
      "protocol": "ap_vld",
      "mode": "master",
      "dataWidth": "32",
      "portMap": {"y": "DATA"},
      "ports": ["y"],
      "constraints": [{
          "constraint_type": "pragma interface",
          "mode": "ap_none",
          "register_option": "0",
          "argName": "y"
        }]
    },
    "x": {
      "type": "data",
      "busTypeName": "data",
      "protocol": "ap_none",
      "mode": "slave",
      "dataWidth": "32",
      "portMap": {"x": "DATA"},
      "ports": ["x"],
      "constraints": [{
          "constraint_type": "pragma interface",
          "mode": "ap_none",
          "register_option": "0",
          "argName": "x"
        }]
    }
  },
  "RtlPorts": {
    "ap_clk": {
      "dir": "in",
      "width": "1"
    },
    "ap_rst": {
      "dir": "in",
      "width": "1"
    },
    "ap_start": {
      "dir": "in",
      "width": "1"
    },
    "ap_done": {
      "dir": "out",
      "width": "1"
    },
    "ap_idle": {
      "dir": "out",
      "width": "1"
    },
    "ap_ready": {
      "dir": "out",
      "width": "1"
    },
    "y": {
      "dir": "out",
      "width": "32"
    },
    "y_ap_vld": {
      "dir": "out",
      "width": "1"
    },
    "x": {
      "dir": "in",
      "width": "32"
    }
  },
  "ModuleInfo": {
    "Hierarchy": {
      "ModuleName": "FIR_ALL",
      "Instances": [{
          "ModuleName": "FIR_ALL_Pipeline_SAL",
          "InstanceName": "grp_FIR_ALL_Pipeline_SAL_fu_51"
        }]
    },
    "Info": {
      "FIR_ALL_Pipeline_SAL": {
        "FunctionProtocol": "ap_ctrl_hs",
        "isTaskLevelControl": "0",
        "isPipelined": "1",
        "isCombinational": "0",
        "isOneStateSeq": "0"
      },
      "FIR_ALL": {
        "FunctionProtocol": "ap_ctrl_hs",
        "isTaskLevelControl": "0",
        "isPipelined": "0",
        "isCombinational": "0",
        "isOneStateSeq": "0"
      }
    },
    "Metrics": {
      "FIR_ALL_Pipeline_SAL": {
        "Latency": {
          "LatencyBest": "15",
          "LatencyAvg": "15",
          "LatencyWorst": "15",
          "PipelineII": "15",
          "PipelineDepth": "",
          "PipelineType": "no"
        },
        "Timing": {
          "Target": "10.00",
          "Uncertainty": "2.70",
          "Estimate": "6.912"
        },
        "Loops": [{
            "Name": "SAL",
            "TripCount": "10",
            "Latency": "13",
            "PipelineII": "1",
            "PipelineDepth": "5"
          }],
        "Area": {
          "BRAM_18K": "0",
          "AVAIL_BRAM": "280",
          "UTIL_BRAM": "0",
          "DSP": "2",
          "AVAIL_DSP": "220",
          "UTIL_DSP": "~0",
          "FF": "471",
          "AVAIL_FF": "106400",
          "UTIL_FF": "~0",
          "LUT": "206",
          "AVAIL_LUT": "53200",
          "UTIL_LUT": "~0",
          "URAM": "0",
          "AVAIL_URAM": "0",
          "UTIL_URAM": "0"
        }
      },
      "FIR_ALL": {
        "Latency": {
          "LatencyBest": "17",
          "LatencyAvg": "17",
          "LatencyWorst": "17",
          "PipelineII": "18",
          "PipelineDepth": "",
          "PipelineType": "no"
        },
        "Timing": {
          "Target": "10.00",
          "Uncertainty": "2.70",
          "Estimate": "6.912"
        },
        "Area": {
          "BRAM_18K": "0",
          "AVAIL_BRAM": "280",
          "UTIL_BRAM": "0",
          "DSP": "4",
          "AVAIL_DSP": "220",
          "UTIL_DSP": "1",
          "FF": "672",
          "AVAIL_FF": "106400",
          "UTIL_FF": "~0",
          "LUT": "315",
          "AVAIL_LUT": "53200",
          "UTIL_LUT": "~0",
          "URAM": "0",
          "AVAIL_URAM": "0",
          "UTIL_URAM": "0"
        }
      }
    }
  },
  "GenerateBdFiles": "0",
  "GenData": {
    "DataVersion": "0.2",
    "Time": "2026-01-29 21:27:51 +0530",
    "ToolName": "vitis_hls",
    "ToolVersion": "2023.2"
  }
}
